{"cameraMode":{"drawMode":0,"name":"Shaded","section":"Shading Mode"},"sceneLighting":true,"audioPlay":false,"sceneViewState":{"m_AlwaysRefresh":false,"showFog":true,"showSkybox":true,"showFlares":true,"showImageEffects":true,"showParticleSystems":true,"showVisualEffectGraphs":true,"m_FxEnabled":true},"in2DMode":false,"pivot":{"x":-0.3179164230823517,"y":-1.6926944255828858,"z":1.562736988067627},"rotation":{"x":0.18409915268421174,"y":-0.5186336040496826,"z":0.11540194600820542,"w":0.8270131349563599},"size":13.115408897399903,"orthographic":true}